carrier,order_day,orders,otif,on_time,in_full,perfect_order,avg_cycle_days,lost_revenue
EconoMove,2024-01-01,9,0.6666666666666666,0.6666666666666666,1.0,0.6666666666666666,6.888888888888889,0.0
EconoMove,2024-01-02,12,0.75,0.8333333333333334,0.8333333333333334,0.75,6.666666666666667,3894.5299999999997
EconoMove,2024-01-03,18,0.6666666666666666,0.8333333333333334,0.7777777777777778,0.3888888888888889,6.333333333333333,5152.74
EconoMove,2024-01-04,10,0.6,0.9,0.6,0.4,5.9,7668.169999999999
EconoMove,2024-01-05,3,0.6666666666666666,1.0,0.6666666666666666,0.0,5.0,4414.18
EconoMove,2024-01-06,11,0.6363636363636364,0.9090909090909091,0.7272727272727273,0.5454545454545454,5.818181818181818,7527.4400000000005
EconoMove,2024-01-07,10,0.6,0.9,0.6,0.6,6.2,9336.68
EconoMove,2024-01-08,9,0.4444444444444444,0.6666666666666666,0.5555555555555556,0.4444444444444444,6.444444444444445,10750.57
EconoMove,2024-01-09,12,0.75,0.9166666666666666,0.8333333333333334,0.75,6.083333333333333,5599.31
EconoMove,2024-01-10,10,0.5,0.8,0.6,0.4,6.5,9535.74
EconoMove,2024-01-11,9,0.4444444444444444,0.7777777777777778,0.4444444444444444,0.4444444444444444,6.111111111111111,10532.64
EconoMove,2024-01-12,12,0.5833333333333334,0.75,0.8333333333333334,0.5833333333333334,6.916666666666667,3841.71
EconoMove,2024-01-13,13,0.6923076923076923,1.0,0.6923076923076923,0.3076923076923077,7.384615384615385,4654.65
EconoMove,2024-01-14,9,0.5555555555555556,0.8888888888888888,0.6666666666666666,0.3333333333333333,6.111111111111111,4401.3
EconoMove,2024-01-15,12,0.8333333333333334,0.9166666666666666,0.9166666666666666,0.5,6.5,3970.84
EconoMove,2024-01-16,13,0.6923076923076923,0.8461538461538461,0.7692307692307693,0.46153846153846156,6.3076923076923075,1909.0700000000002
EconoMove,2024-01-17,15,0.6666666666666666,0.8666666666666667,0.6666666666666666,0.5333333333333333,5.666666666666667,14288.59
EconoMove,2024-01-18,14,0.7857142857142857,0.9285714285714286,0.7857142857142857,0.42857142857142855,6.214285714285714,6830.45
EconoMove,2024-01-19,6,0.8333333333333334,0.8333333333333334,0.8333333333333334,0.5,6.0,361.11
EconoMove,2024-01-20,8,0.625,0.875,0.75,0.375,6.375,3398.96
EconoMove,2024-01-21,16,0.625,0.875,0.6875,0.5,6.125,2479.67
EconoMove,2024-01-22,10,0.6,0.8,0.8,0.5,5.2,2228.75
EconoMove,2024-01-23,11,0.8181818181818182,0.9090909090909091,0.9090909090909091,0.6363636363636364,6.181818181818182,3164.15
EconoMove,2024-01-24,14,0.7142857142857143,1.0,0.7142857142857143,0.6428571428571429,6.357142857142857,3503.54
EconoMove,2024-01-25,8,0.875,1.0,0.875,0.75,6.25,2214.74
EconoMove,2024-01-26,10,0.7,0.8,0.8,0.5,7.3,3695.1000000000004
EconoMove,2024-01-27,8,0.625,0.75,0.875,0.375,7.25,1261.56
EconoMove,2024-01-28,9,0.7777777777777778,0.8888888888888888,0.8888888888888888,0.4444444444444444,6.555555555555555,1104.76
EconoMove,2024-01-29,12,0.6666666666666666,0.75,0.9166666666666666,0.5833333333333334,6.833333333333333,190.72
EconoMove,2024-01-30,12,0.5,0.6666666666666666,0.6666666666666666,0.3333333333333333,6.416666666666667,6833.360000000001
EconoMove,2024-01-31,9,0.6666666666666666,0.7777777777777778,0.8888888888888888,0.4444444444444444,7.333333333333333,1101.81
EconoMove,2024-02-01,9,0.4444444444444444,0.7777777777777778,0.6666666666666666,0.4444444444444444,6.666666666666667,3512.99
EconoMove,2024-02-02,18,0.7222222222222222,1.0,0.7222222222222222,0.6111111111111112,5.333333333333333,7242.07
EconoMove,2024-02-03,9,0.4444444444444444,0.7777777777777778,0.5555555555555556,0.3333333333333333,7.222222222222222,3635.77
EconoMove,2024-02-04,9,0.6666666666666666,1.0,0.6666666666666666,0.5555555555555556,7.333333333333333,5070.400000000001
EconoMove,2024-02-05,13,0.6923076923076923,0.9230769230769231,0.7692307692307693,0.6153846153846154,5.384615384615385,5591.5
EconoMove,2024-02-06,10,0.7,0.9,0.8,0.6,7.1,1574.4299999999998
EconoMove,2024-02-07,16,0.5625,0.875,0.625,0.4375,6.3125,12120.39
EconoMove,2024-02-08,16,0.625,0.875,0.6875,0.625,5.5625,8127.17
EconoMove,2024-02-09,8,0.625,0.875,0.75,0.5,5.375,1399.88
EconoMove,2024-02-10,11,0.45454545454545453,0.7272727272727273,0.7272727272727273,0.36363636363636365,6.818181818181818,3461.92
EconoMove,2024-02-11,12,0.75,0.9166666666666666,0.8333333333333334,0.75,5.416666666666667,2154.51
EconoMove,2024-02-12,12,0.5833333333333334,0.75,0.75,0.3333333333333333,7.333333333333333,4459.4
EconoMove,2024-02-13,10,0.6,1.0,0.6,0.6,5.7,4482.37
EconoMove,2024-02-14,8,0.75,0.875,0.875,0.5,6.25,2048.19
EconoMove,2024-02-15,11,0.7272727272727273,0.9090909090909091,0.8181818181818182,0.6363636363636364,6.363636363636363,3225.67
EconoMove,2024-02-16,13,0.6153846153846154,1.0,0.6153846153846154,0.38461538461538464,5.461538461538462,5872.42
EconoMove,2024-02-17,9,0.8888888888888888,1.0,0.8888888888888888,0.3333333333333333,5.111111111111111,1044.61
EconoMove,2024-02-18,11,0.6363636363636364,0.6363636363636364,1.0,0.5454545454545454,7.454545454545454,0.0
EconoMove,2024-02-19,16,0.5,0.9375,0.5625,0.4375,6.5625,11451.47
EconoMove,2024-02-20,5,0.8,0.8,1.0,0.8,7.6,0.0
EconoMove,2024-02-21,12,0.5,0.75,0.75,0.3333333333333333,6.833333333333333,2824.5
EconoMove,2024-02-22,10,0.7,1.0,0.7,0.7,7.4,6746.3099999999995
EconoMove,2024-02-23,8,0.75,0.875,0.75,0.625,6.25,2126.76
EconoMove,2024-02-24,11,0.9090909090909091,1.0,0.9090909090909091,0.6363636363636364,6.090909090909091,7158.01
EconoMove,2024-02-25,16,0.625,0.8125,0.6875,0.375,6.125,10511.25
EconoMove,2024-02-26,9,0.6666666666666666,0.7777777777777778,0.8888888888888888,0.4444444444444444,5.111111111111111,1362.91
EconoMove,2024-02-27,15,0.7333333333333333,0.9333333333333333,0.8,0.6666666666666666,6.466666666666667,8631.59
EconoMove,2024-02-28,18,0.6111111111111112,0.7777777777777778,0.7777777777777778,0.4444444444444444,6.611111111111111,8075.089999999999
EconoMove,2024-02-29,14,0.5714285714285714,0.8571428571428571,0.6428571428571429,0.35714285714285715,6.071428571428571,10274.25
EconoMove,2024-03-01,9,0.5555555555555556,1.0,0.5555555555555556,0.3333333333333333,5.111111111111111,3176.37
EconoMove,2024-03-02,9,0.4444444444444444,0.8888888888888888,0.4444444444444444,0.2222222222222222,6.111111111111111,7760.01
EconoMove,2024-03-03,16,0.625,0.8125,0.6875,0.5625,6.5,5650.74
EconoMove,2024-03-04,10,0.3,0.7,0.5,0.3,6.8,6783.96
EconoMove,2024-03-05,10,0.7,1.0,0.7,0.7,5.8,3523.52
EconoMove,2024-03-06,9,0.4444444444444444,0.7777777777777778,0.4444444444444444,0.3333333333333333,6.0,6266.15
EconoMove,2024-03-07,9,0.7777777777777778,0.8888888888888888,0.8888888888888888,0.6666666666666666,6.333333333333333,4047.91
EconoMove,2024-03-08,11,0.6363636363636364,0.9090909090909091,0.7272727272727273,0.45454545454545453,6.636363636363637,4751.64
EconoMove,2024-03-09,8,0.75,0.75,1.0,0.5,5.375,0.0
EconoMove,2024-03-10,12,0.75,0.8333333333333334,0.8333333333333334,0.75,6.916666666666667,977.24
EconoMove,2024-03-11,12,0.75,0.9166666666666666,0.8333333333333334,0.6666666666666666,7.333333333333333,3008.32
EconoMove,2024-03-12,9,0.8888888888888888,0.8888888888888888,0.8888888888888888,0.5555555555555556,6.111111111111111,2111.76
EconoMove,2024-03-13,11,0.5454545454545454,0.8181818181818182,0.7272727272727273,0.36363636363636365,6.090909090909091,4427.18
EconoMove,2024-03-14,7,1.0,1.0,1.0,0.8571428571428571,5.285714285714286,0.0
EconoMove,2024-03-15,10,0.4,0.9,0.5,0.1,6.6,8809.07
EconoMove,2024-03-16,10,0.9,0.9,1.0,0.6,6.1,0.0
EconoMove,2024-03-17,10,0.6,0.8,0.7,0.5,6.8,9529.43
EconoMove,2024-03-18,8,0.625,0.875,0.75,0.625,4.875,5263.42
EconoMove,2024-03-19,12,0.6666666666666666,0.9166666666666666,0.75,0.4166666666666667,6.5,3717.6200000000003
EconoMove,2024-03-20,11,0.7272727272727273,0.9090909090909091,0.8181818181818182,0.6363636363636364,6.090909090909091,4266.34
EconoMove,2024-03-21,12,0.6666666666666666,0.6666666666666666,0.8333333333333334,0.4166666666666667,6.583333333333333,1554.3
EconoMove,2024-03-22,11,0.5454545454545454,0.7272727272727273,0.7272727272727273,0.45454545454545453,7.0,5807.179999999999
EconoMove,2024-03-23,12,0.5833333333333334,0.8333333333333334,0.75,0.3333333333333333,5.5,2270.49
EconoMove,2024-03-24,10,0.4,0.9,0.5,0.4,6.2,7164.889999999999
EconoMove,2024-03-25,9,0.6666666666666666,0.6666666666666666,0.7777777777777778,0.3333333333333333,7.444444444444445,1889.58
EconoMove,2024-03-26,9,0.5555555555555556,0.7777777777777778,0.6666666666666666,0.4444444444444444,6.888888888888889,8074.07
EconoMove,2024-03-27,10,0.4,0.7,0.7,0.4,6.5,3302.4300000000003
EconoMove,2024-03-28,10,0.3,0.7,0.4,0.2,6.3,7716.56
EconoMove,2024-03-29,13,0.6153846153846154,0.6923076923076923,0.6923076923076923,0.5384615384615384,7.3076923076923075,3489.54
EconoMove,2024-03-30,11,0.6363636363636364,0.9090909090909091,0.7272727272727273,0.5454545454545454,6.7272727272727275,5276.77
EconoMove,2024-03-31,9,0.3333333333333333,0.6666666666666666,0.4444444444444444,0.3333333333333333,6.666666666666667,3798.17
EconoMove,2024-04-01,12,0.6666666666666666,0.9166666666666666,0.6666666666666666,0.6666666666666666,5.5,6473.3099999999995
EconoMove,2024-04-02,6,0.5,0.6666666666666666,0.8333333333333334,0.5,6.333333333333333,769.86
EconoMove,2024-04-03,9,0.6666666666666666,0.7777777777777778,0.7777777777777778,0.4444444444444444,6.222222222222222,3732.32
EconoMove,2024-04-04,10,0.6,0.8,0.7,0.4,6.7,9487.73
EconoMove,2024-04-05,8,0.875,0.875,1.0,0.5,5.75,0.0
EconoMove,2024-04-06,8,0.875,1.0,0.875,0.875,6.125,1685.83
EconoMove,2024-04-07,9,0.7777777777777778,1.0,0.7777777777777778,0.7777777777777778,6.555555555555555,3771.46
EconoMove,2024-04-08,12,0.8333333333333334,0.9166666666666666,0.9166666666666666,0.75,5.5,2029.08
EconoMove,2024-04-09,8,0.375,0.625,0.75,0.25,7.5,4025.13
EconoMove,2024-04-10,14,0.21428571428571427,0.5714285714285714,0.42857142857142855,0.21428571428571427,6.714285714285714,6135.29
EconoMove,2024-04-11,3,1.0,1.0,1.0,1.0,6.666666666666667,0.0
EconoMove,2024-04-12,8,0.625,0.75,0.625,0.5,6.25,4511.7
EconoMove,2024-04-13,8,0.625,0.75,0.875,0.625,6.875,258.16
EconoMove,2024-04-14,12,0.4166666666666667,0.8333333333333334,0.5833333333333334,0.3333333333333333,6.75,3431.5
EconoMove,2024-04-15,15,0.5333333333333333,0.6,0.8,0.4,7.066666666666666,2923.52
EconoMove,2024-04-16,10,0.6,0.9,0.7,0.5,6.0,6064.08
EconoMove,2024-04-17,7,0.42857142857142855,0.5714285714285714,0.7142857142857143,0.42857142857142855,7.285714285714286,3295.12
EconoMove,2024-04-18,11,0.6363636363636364,0.7272727272727273,0.8181818181818182,0.45454545454545453,7.090909090909091,2783.81
EconoMove,2024-04-19,8,0.625,0.875,0.75,0.5,6.5,5622.21
EconoMove,2024-04-20,9,0.6666666666666666,0.7777777777777778,0.8888888888888888,0.4444444444444444,6.555555555555555,1946.62
EconoMove,2024-04-21,10,0.7,0.9,0.8,0.4,5.7,3197.7299999999996
EconoMove,2024-04-22,6,0.6666666666666666,0.8333333333333334,0.6666666666666666,0.3333333333333333,6.833333333333333,7251.57
EconoMove,2024-04-23,8,0.75,0.875,0.75,0.625,5.875,3937.7700000000004
EconoMove,2024-04-24,4,0.25,0.75,0.5,0.0,5.75,2044.21
EconoMove,2024-04-25,13,0.6153846153846154,0.9230769230769231,0.6923076923076923,0.3076923076923077,6.461538461538462,8692.4
EconoMove,2024-04-26,6,0.5,0.8333333333333334,0.5,0.3333333333333333,6.166666666666667,5557.24
EconoMove,2024-04-27,6,0.5,1.0,0.5,0.3333333333333333,5.833333333333333,6078.33
EconoMove,2024-04-28,11,0.45454545454545453,0.8181818181818182,0.6363636363636364,0.45454545454545453,6.818181818181818,10649.470000000001
EconoMove,2024-04-29,14,0.5,0.7857142857142857,0.7142857142857143,0.5,7.214285714285714,4454.33
FastTrack,2024-01-01,14,0.6428571428571429,0.9285714285714286,0.7142857142857143,0.6428571428571429,3.7142857142857144,8342.62
FastTrack,2024-01-02,15,0.5333333333333333,0.8,0.7333333333333333,0.3333333333333333,4.4,7004.8099999999995
FastTrack,2024-01-03,24,0.6666666666666666,0.9166666666666666,0.75,0.4166666666666667,4.041666666666667,14072.83
FastTrack,2024-01-04,11,0.9090909090909091,1.0,0.9090909090909091,0.7272727272727273,3.727272727272727,1151.12
FastTrack,2024-01-05,19,0.5263157894736842,0.7894736842105263,0.6842105263157895,0.3684210526315789,3.789473684210526,11531.2
FastTrack,2024-01-06,16,0.375,0.5625,0.8125,0.1875,4.5,6032.459999999999
FastTrack,2024-01-07,11,0.36363636363636365,0.8181818181818182,0.5454545454545454,0.2727272727272727,3.4545454545454546,9836.15
FastTrack,2024-01-08,20,0.6,0.9,0.7,0.5,3.95,7472.9400000000005
FastTrack,2024-01-09,9,0.3333333333333333,0.6666666666666666,0.5555555555555556,0.3333333333333333,3.888888888888889,8133.3099999999995
FastTrack,2024-01-10,13,0.38461538461538464,0.6153846153846154,0.6153846153846154,0.3076923076923077,4.3076923076923075,5633.75
FastTrack,2024-01-11,9,0.5555555555555556,0.8888888888888888,0.6666666666666666,0.5555555555555556,3.0,4829.45
FastTrack,2024-01-12,15,0.6,0.9333333333333333,0.6666666666666666,0.6,3.6,8679.51
FastTrack,2024-01-13,22,0.6363636363636364,0.8636363636363636,0.7272727272727273,0.5,3.0454545454545454,10683.81
FastTrack,2024-01-14,10,0.4,0.7,0.7,0.3,4.8,4207.44
FastTrack,2024-01-15,22,0.6818181818181818,0.9545454545454546,0.7272727272727273,0.45454545454545453,3.227272727272727,12299.57
FastTrack,2024-01-16,13,0.9230769230769231,1.0,0.9230769230769231,0.7692307692307693,3.076923076923077,4479.13
FastTrack,2024-01-17,15,0.6666666666666666,0.9333333333333333,0.6666666666666666,0.4666666666666667,3.1333333333333333,5417.36
FastTrack,2024-01-18,8,0.75,0.875,0.875,0.75,3.875,1693.07
FastTrack,2024-01-19,17,0.5294117647058824,0.8823529411764706,0.6470588235294118,0.35294117647058826,3.9411764705882355,11789.779999999999
FastTrack,2024-01-20,12,0.4166666666666667,0.6666666666666666,0.5833333333333334,0.25,4.916666666666667,11279.93
FastTrack,2024-01-21,22,0.6363636363636364,0.8636363636363636,0.7727272727272727,0.5454545454545454,3.909090909090909,12102.1
FastTrack,2024-01-22,17,0.8823529411764706,1.0,0.8823529411764706,0.5294117647058824,3.2941176470588234,3283.33
FastTrack,2024-01-23,18,0.7222222222222222,0.8333333333333334,0.8333333333333334,0.4444444444444444,3.611111111111111,4364.23
FastTrack,2024-01-24,15,0.5333333333333333,0.8666666666666667,0.6666666666666666,0.4666666666666667,4.2,5648.16
FastTrack,2024-01-25,13,0.38461538461538464,0.9230769230769231,0.46153846153846156,0.3076923076923077,4.153846153846154,3092.83
FastTrack,2024-01-26,24,0.7083333333333334,0.875,0.7916666666666666,0.5833333333333334,3.4583333333333335,10029.04
FastTrack,2024-01-27,18,0.2222222222222222,0.7777777777777778,0.3888888888888889,0.2222222222222222,4.222222222222222,11816.67
FastTrack,2024-01-28,8,0.625,1.0,0.625,0.375,4.0,3083.4100000000003
FastTrack,2024-01-29,10,0.4,0.9,0.4,0.3,3.2,6877.08
FastTrack,2024-01-30,17,0.17647058823529413,0.7058823529411765,0.29411764705882354,0.058823529411764705,5.0,19523.28
FastTrack,2024-01-31,12,0.75,0.9166666666666666,0.8333333333333334,0.5,4.0,4378.46
FastTrack,2024-02-01,8,0.75,1.0,0.75,0.5,3.75,1710.5700000000002
FastTrack,2024-02-02,12,0.75,0.9166666666666666,0.8333333333333334,0.3333333333333333,3.25,2384.67
FastTrack,2024-02-03,14,0.5714285714285714,0.7857142857142857,0.7142857142857143,0.35714285714285715,3.9285714285714284,7360.77
FastTrack,2024-02-04,17,0.5882352941176471,0.9411764705882353,0.6470588235294118,0.47058823529411764,3.9411764705882355,13814.18
FastTrack,2024-02-05,14,0.5714285714285714,1.0,0.5714285714285714,0.42857142857142855,3.357142857142857,10897.72
FastTrack,2024-02-06,9,0.5555555555555556,0.6666666666666666,0.8888888888888888,0.3333333333333333,3.888888888888889,1826.82
FastTrack,2024-02-07,17,0.6470588235294118,0.8823529411764706,0.7058823529411765,0.5294117647058824,3.5294117647058822,4722.98
FastTrack,2024-02-08,16,0.6875,0.8125,0.875,0.5,3.6875,2060.83
FastTrack,2024-02-09,15,0.5333333333333333,0.7333333333333333,0.7333333333333333,0.3333333333333333,3.933333333333333,7151.639999999999
FastTrack,2024-02-10,9,0.6666666666666666,0.8888888888888888,0.7777777777777778,0.4444444444444444,3.3333333333333335,3352.5699999999997
FastTrack,2024-02-11,14,0.6428571428571429,0.6428571428571429,0.8571428571428571,0.5714285714285714,4.857142857142857,4724.22
FastTrack,2024-02-12,12,0.5833333333333334,0.6666666666666666,0.8333333333333334,0.5,4.75,3414.2
FastTrack,2024-02-13,16,0.6875,0.875,0.8125,0.375,4.125,3552.04
FastTrack,2024-02-14,13,0.5384615384615384,0.7692307692307693,0.7692307692307693,0.46153846153846156,4.6923076923076925,4338.18
FastTrack,2024-02-15,13,0.7692307692307693,0.9230769230769231,0.7692307692307693,0.5384615384615384,4.384615384615385,3022.9900000000002
FastTrack,2024-02-16,20,0.75,0.85,0.9,0.45,3.75,1262.92
FastTrack,2024-02-17,20,0.6,0.75,0.85,0.55,3.65,8518.119999999999
FastTrack,2024-02-18,9,0.5555555555555556,0.8888888888888888,0.6666666666666666,0.4444444444444444,4.111111111111111,4930.65
FastTrack,2024-02-19,13,0.6923076923076923,0.8461538461538461,0.8461538461538461,0.6153846153846154,3.4615384615384617,1325.14
FastTrack,2024-02-20,21,0.7142857142857143,0.8095238095238095,0.9047619047619048,0.42857142857142855,3.4761904761904763,3060.0299999999997
FastTrack,2024-02-21,10,0.9,1.0,0.9,0.7,3.5,3415.27
FastTrack,2024-02-22,11,0.36363636363636365,0.6363636363636364,0.6363636363636364,0.2727272727272727,4.363636363636363,6033.15
FastTrack,2024-02-23,16,0.8125,0.9375,0.8125,0.5,3.625,2174.66
FastTrack,2024-02-24,18,0.6111111111111112,0.8888888888888888,0.7222222222222222,0.4444444444444444,3.3333333333333335,4477.02
FastTrack,2024-02-25,10,0.5,0.8,0.7,0.3,3.7,4580.780000000001
FastTrack,2024-02-26,19,0.631578947368421,0.8947368421052632,0.6842105263157895,0.47368421052631576,4.315789473684211,7978.76
FastTrack,2024-02-27,22,0.8181818181818182,0.9090909090909091,0.8636363636363636,0.5,4.7727272727272725,4685.450000000001
FastTrack,2024-02-28,9,0.4444444444444444,0.4444444444444444,0.8888888888888888,0.1111111111111111,5.333333333333333,162.45
FastTrack,2024-02-29,17,0.7058823529411765,0.8823529411764706,0.7647058823529411,0.6470588235294118,3.764705882352941,2013.3400000000001
FastTrack,2024-03-01,18,0.5,0.9444444444444444,0.5555555555555556,0.3333333333333333,4.666666666666667,14842.06
FastTrack,2024-03-02,26,0.6538461538461539,0.8846153846153846,0.6923076923076923,0.5,3.6538461538461537,9747.41
FastTrack,2024-03-03,15,0.5333333333333333,0.9333333333333333,0.5333333333333333,0.4,4.266666666666667,14608.18
FastTrack,2024-03-04,7,0.5714285714285714,0.8571428571428571,0.7142857142857143,0.2857142857142857,4.142857142857143,7202.99
FastTrack,2024-03-05,12,0.9166666666666666,1.0,0.9166666666666666,0.6666666666666666,3.5,1825.08
FastTrack,2024-03-06,10,0.5,0.8,0.6,0.4,4.2,5702.34
FastTrack,2024-03-07,13,0.46153846153846156,0.8461538461538461,0.6153846153846154,0.38461538461538464,3.8461538461538463,11106.47
FastTrack,2024-03-08,12,0.6666666666666666,0.75,0.8333333333333334,0.5833333333333334,4.333333333333333,3023.16
FastTrack,2024-03-09,11,0.7272727272727273,0.8181818181818182,0.9090909090909091,0.5454545454545454,4.363636363636363,1706.98
FastTrack,2024-03-10,16,0.625,0.75,0.75,0.5,4.25,5684.74
FastTrack,2024-03-11,11,0.8181818181818182,0.9090909090909091,0.9090909090909091,0.45454545454545453,4.0,3573.5
FastTrack,2024-03-12,17,0.5882352941176471,0.8235294117647058,0.7647058823529411,0.35294117647058826,4.117647058823529,10664.07
FastTrack,2024-03-13,15,0.6,0.8,0.8,0.4,3.6666666666666665,4494.6900000000005
FastTrack,2024-03-14,24,0.7083333333333334,0.9166666666666666,0.7916666666666666,0.5416666666666666,4.125,6710.18
FastTrack,2024-03-15,12,0.6666666666666666,0.9166666666666666,0.6666666666666666,0.3333333333333333,4.75,2808.86
FastTrack,2024-03-16,14,0.7142857142857143,0.7857142857142857,0.9285714285714286,0.5714285714285714,4.357142857142857,667.77
FastTrack,2024-03-17,15,0.6,0.8,0.8,0.3333333333333333,3.933333333333333,3069.42
FastTrack,2024-03-18,18,0.5555555555555556,0.8333333333333334,0.5555555555555556,0.3888888888888889,3.9444444444444446,10236.93
FastTrack,2024-03-19,16,0.625,0.875,0.75,0.5,3.875,6890.2
FastTrack,2024-03-20,16,0.5625,0.75,0.625,0.3125,3.375,10880.92
FastTrack,2024-03-21,13,0.5384615384615384,0.7692307692307693,0.5384615384615384,0.38461538461538464,4.0,7847.87
FastTrack,2024-03-22,15,0.6666666666666666,0.9333333333333333,0.7333333333333333,0.5333333333333333,3.4,6138.12
FastTrack,2024-03-23,14,0.42857142857142855,0.8571428571428571,0.42857142857142855,0.14285714285714285,3.5,13110.44
FastTrack,2024-03-24,11,0.5454545454545454,0.8181818181818182,0.6363636363636364,0.2727272727272727,3.6363636363636362,8229.48
FastTrack,2024-03-25,15,0.5333333333333333,0.8,0.7333333333333333,0.3333333333333333,3.933333333333333,7526.320000000001
FastTrack,2024-03-26,26,0.6153846153846154,0.8846153846153846,0.6923076923076923,0.5,3.769230769230769,10567.09
FastTrack,2024-03-27,16,0.75,0.9375,0.8125,0.375,3.625,8667.93
FastTrack,2024-03-28,13,0.5384615384615384,0.8461538461538461,0.6923076923076923,0.38461538461538464,3.3076923076923075,4479.01
FastTrack,2024-03-29,8,0.75,0.875,0.75,0.75,3.25,2375.2200000000003
FastTrack,2024-03-30,18,0.6666666666666666,0.8333333333333334,0.8333333333333334,0.5555555555555556,4.0,6858.76
FastTrack,2024-03-31,16,0.625,0.75,0.75,0.4375,4.375,8857.67
FastTrack,2024-04-01,13,0.3076923076923077,0.8461538461538461,0.46153846153846156,0.3076923076923077,3.769230769230769,13721.939999999999
FastTrack,2024-04-02,19,0.5263157894736842,0.7368421052631579,0.6842105263157895,0.3684210526315789,4.052631578947368,8879.32
FastTrack,2024-04-03,12,0.5,0.75,0.75,0.16666666666666666,4.0,4200.4400000000005
FastTrack,2024-04-04,11,0.6363636363636364,0.9090909090909091,0.7272727272727273,0.45454545454545453,3.4545454545454546,5473.85
FastTrack,2024-04-05,17,0.35294117647058826,0.5882352941176471,0.7058823529411765,0.35294117647058826,4.705882352941177,7818.81
FastTrack,2024-04-06,13,0.7692307692307693,1.0,0.7692307692307693,0.46153846153846156,3.6153846153846154,4945.8099999999995
FastTrack,2024-04-07,15,0.5333333333333333,0.8666666666666667,0.6,0.4666666666666667,4.133333333333334,8898.53
FastTrack,2024-04-08,11,0.6363636363636364,1.0,0.6363636363636364,0.36363636363636365,5.090909090909091,3386.58
FastTrack,2024-04-09,13,0.5384615384615384,1.0,0.5384615384615384,0.5384615384615384,3.6923076923076925,6200.75
FastTrack,2024-04-10,8,0.75,0.875,0.875,0.75,3.375,819.01
FastTrack,2024-04-11,13,0.38461538461538464,0.6153846153846154,0.6923076923076923,0.23076923076923078,4.538461538461538,10981.9
FastTrack,2024-04-12,15,0.4,0.8,0.6,0.26666666666666666,3.7333333333333334,9943.03
FastTrack,2024-04-13,12,0.5833333333333334,0.8333333333333334,0.6666666666666666,0.5833333333333334,4.5,7885.99
FastTrack,2024-04-14,13,0.6923076923076923,0.7692307692307693,0.9230769230769231,0.46153846153846156,4.6923076923076925,3828.7
FastTrack,2024-04-15,17,0.5294117647058824,0.8823529411764706,0.5294117647058824,0.4117647058823529,3.588235294117647,7448.42
FastTrack,2024-04-16,9,0.6666666666666666,0.8888888888888888,0.7777777777777778,0.4444444444444444,3.6666666666666665,1986.71
FastTrack,2024-04-17,11,0.7272727272727273,1.0,0.7272727272727273,0.45454545454545453,2.8181818181818183,2328.52
FastTrack,2024-04-18,19,0.631578947368421,0.7894736842105263,0.7894736842105263,0.47368421052631576,4.0,10089.26
FastTrack,2024-04-19,12,0.3333333333333333,0.6666666666666666,0.5,0.16666666666666666,4.75,13123.210000000001
FastTrack,2024-04-20,16,0.5625,0.875,0.625,0.3125,3.9375,10604.23
FastTrack,2024-04-21,14,0.6428571428571429,0.9285714285714286,0.7142857142857143,0.42857142857142855,4.642857142857143,10981.89
FastTrack,2024-04-22,10,0.7,1.0,0.7,0.7,3.0,2323.51
FastTrack,2024-04-23,13,0.5384615384615384,0.8461538461538461,0.6923076923076923,0.46153846153846156,3.8461538461538463,5059.42
FastTrack,2024-04-24,14,0.5714285714285714,1.0,0.5714285714285714,0.42857142857142855,3.857142857142857,8369.720000000001
FastTrack,2024-04-25,16,0.75,0.9375,0.8125,0.5625,3.4375,7089.53
FastTrack,2024-04-26,11,0.36363636363636365,0.8181818181818182,0.45454545454545453,0.36363636363636365,4.2727272727272725,7368.82
FastTrack,2024-04-27,17,0.6470588235294118,0.8823529411764706,0.7647058823529411,0.4117647058823529,3.4705882352941178,7135.17
FastTrack,2024-04-28,21,0.5238095238095238,0.8571428571428571,0.6666666666666666,0.47619047619047616,3.9523809523809526,12723.220000000001
FastTrack,2024-04-29,12,0.75,0.9166666666666666,0.8333333333333334,0.5833333333333334,3.5833333333333335,2619.6899999999996
QuickShip,2024-01-01,20,0.5,0.8,0.65,0.35,4.15,9220.0
QuickShip,2024-01-02,15,0.7333333333333333,0.8666666666666667,0.8666666666666667,0.5333333333333333,4.666666666666667,588.8299999999999
QuickShip,2024-01-03,21,0.7142857142857143,0.8571428571428571,0.8571428571428571,0.42857142857142855,5.0,1330.67
QuickShip,2024-01-04,18,0.4444444444444444,0.8333333333333334,0.5555555555555556,0.16666666666666666,4.388888888888889,14262.66
QuickShip,2024-01-05,13,0.8461538461538461,0.9230769230769231,0.9230769230769231,0.5384615384615384,4.615384615384615,1347.03
QuickShip,2024-01-06,20,0.55,0.8,0.65,0.45,5.05,8474.32
QuickShip,2024-01-07,14,0.5714285714285714,0.8571428571428571,0.7142857142857143,0.35714285714285715,4.928571428571429,4422.6
QuickShip,2024-01-08,18,0.7222222222222222,0.9444444444444444,0.7777777777777778,0.3888888888888889,4.666666666666667,7121.73
QuickShip,2024-01-09,16,0.6875,0.8125,0.875,0.6875,4.9375,1333.3200000000002
QuickShip,2024-01-10,13,0.6153846153846154,0.9230769230769231,0.6923076923076923,0.3076923076923077,5.3076923076923075,6432.4
QuickShip,2024-01-11,8,0.375,0.875,0.375,0.375,5.375,9389.24
QuickShip,2024-01-12,20,0.45,0.7,0.65,0.25,5.15,10404.44
QuickShip,2024-01-13,18,0.5,0.8333333333333334,0.6666666666666666,0.4444444444444444,4.666666666666667,13338.54
QuickShip,2024-01-14,10,0.7,0.8,0.8,0.4,5.6,927.1800000000001
QuickShip,2024-01-15,17,0.5294117647058824,0.7647058823529411,0.7647058823529411,0.29411764705882354,4.9411764705882355,5530.35
QuickShip,2024-01-16,23,0.6521739130434783,0.9130434782608695,0.7391304347826086,0.5217391304347826,4.913043478260869,11936.57
QuickShip,2024-01-17,19,0.6842105263157895,0.8947368421052632,0.7368421052631579,0.5789473684210527,4.315789473684211,12907.529999999999
QuickShip,2024-01-18,20,0.8,1.0,0.8,0.65,4.55,10775.529999999999
QuickShip,2024-01-19,15,0.4666666666666667,0.7333333333333333,0.5333333333333333,0.3333333333333333,5.0,13826.28
QuickShip,2024-01-20,12,0.5,0.6666666666666666,0.75,0.25,6.0,7679.38
QuickShip,2024-01-21,11,0.8181818181818182,0.8181818181818182,0.8181818181818182,0.7272727272727273,4.818181818181818,2609.85
QuickShip,2024-01-22,14,0.8571428571428571,1.0,0.8571428571428571,0.6428571428571429,4.214285714285714,3424.66
QuickShip,2024-01-23,13,0.6153846153846154,0.9230769230769231,0.6923076923076923,0.3076923076923077,5.0,9291.35
QuickShip,2024-01-24,13,0.6153846153846154,0.8461538461538461,0.7692307692307693,0.5384615384615384,5.230769230769231,3185.45
QuickShip,2024-01-25,13,0.8461538461538461,0.9230769230769231,0.8461538461538461,0.8461538461538461,4.6923076923076925,1218.53
QuickShip,2024-01-26,23,0.6521739130434783,0.8695652173913043,0.782608695652174,0.5217391304347826,5.043478260869565,8330.89
QuickShip,2024-01-27,16,0.6875,0.875,0.75,0.5,5.0,5570.57
QuickShip,2024-01-28,14,0.5714285714285714,0.9285714285714286,0.6428571428571429,0.5,4.357142857142857,6217.379999999999
QuickShip,2024-01-29,18,0.4444444444444444,0.7222222222222222,0.6111111111111112,0.3333333333333333,5.166666666666667,11285.89
QuickShip,2024-01-30,15,0.6666666666666666,0.8666666666666667,0.8,0.4,5.066666666666666,4180.77
QuickShip,2024-01-31,17,0.5882352941176471,0.8235294117647058,0.7058823529411765,0.47058823529411764,4.647058823529412,14119.75
QuickShip,2024-02-01,15,0.4666666666666667,0.7333333333333333,0.6666666666666666,0.3333333333333333,4.866666666666666,14646.76
QuickShip,2024-02-02,23,0.6086956521739131,0.9130434782608695,0.6956521739130435,0.4782608695652174,4.739130434782608,7274.429999999999
QuickShip,2024-02-03,12,0.5833333333333334,0.75,0.75,0.3333333333333333,5.416666666666667,4189.25
QuickShip,2024-02-04,15,0.7333333333333333,0.8666666666666667,0.8,0.6666666666666666,4.133333333333334,1172.5500000000002
QuickShip,2024-02-05,16,0.5,0.75,0.6875,0.3125,4.75,9013.69
QuickShip,2024-02-06,18,0.6666666666666666,0.8333333333333334,0.8333333333333334,0.6111111111111112,4.277777777777778,4508.7
QuickShip,2024-02-07,15,0.6,0.8,0.8,0.3333333333333333,4.733333333333333,4668.34
QuickShip,2024-02-08,13,0.7692307692307693,0.9230769230769231,0.8461538461538461,0.6923076923076923,4.384615384615385,2391.6
QuickShip,2024-02-09,18,0.6666666666666666,0.8333333333333334,0.8333333333333334,0.5555555555555556,4.722222222222222,5542.95
QuickShip,2024-02-10,14,0.6428571428571429,0.9285714285714286,0.7142857142857143,0.35714285714285715,3.7857142857142856,7853.91
QuickShip,2024-02-11,14,0.7857142857142857,0.8571428571428571,0.9285714285714286,0.7142857142857143,4.5,1484.52
QuickShip,2024-02-12,10,0.7,0.9,0.8,0.5,4.5,3443.19
QuickShip,2024-02-13,13,0.3076923076923077,0.7692307692307693,0.46153846153846156,0.15384615384615385,4.538461538461538,14780.46
QuickShip,2024-02-14,19,0.5263157894736842,0.7368421052631579,0.7368421052631579,0.47368421052631576,4.684210526315789,5259.63
QuickShip,2024-02-15,10,0.9,0.9,1.0,0.7,5.3,0.0
QuickShip,2024-02-16,23,0.7391304347826086,0.8695652173913043,0.8260869565217391,0.391304347826087,4.434782608695652,5155.27
QuickShip,2024-02-17,17,0.7647058823529411,0.8823529411764706,0.8235294117647058,0.5882352941176471,5.117647058823529,6391.68
QuickShip,2024-02-18,20,0.5,0.85,0.6,0.5,4.6,17469.44
QuickShip,2024-02-19,21,0.6190476190476191,0.8571428571428571,0.7619047619047619,0.5714285714285714,4.904761904761905,8382.08
QuickShip,2024-02-20,18,0.6666666666666666,0.9444444444444444,0.7222222222222222,0.5555555555555556,4.0,3927.09
QuickShip,2024-02-21,18,0.6111111111111112,0.8333333333333334,0.7777777777777778,0.2777777777777778,5.166666666666667,6987.79
QuickShip,2024-02-22,20,0.5,0.75,0.7,0.4,5.0,9749.900000000001
QuickShip,2024-02-23,19,0.5789473684210527,0.7894736842105263,0.7894736842105263,0.47368421052631576,4.7894736842105265,3541.68
QuickShip,2024-02-24,12,0.25,0.4166666666666667,0.5,0.25,6.0,12666.47
QuickShip,2024-02-25,15,0.5333333333333333,0.7333333333333333,0.8,0.4,4.466666666666667,6130.32
QuickShip,2024-02-26,14,0.5714285714285714,0.7857142857142857,0.7142857142857143,0.5,5.571428571428571,7167.04
QuickShip,2024-02-27,13,0.6153846153846154,0.8461538461538461,0.6923076923076923,0.46153846153846156,4.538461538461538,7092.429999999999
QuickShip,2024-02-28,18,0.6111111111111112,0.7777777777777778,0.8333333333333334,0.5,5.111111111111111,5587.990000000001
QuickShip,2024-02-29,17,0.7058823529411765,0.8823529411764706,0.7647058823529411,0.5294117647058824,4.9411764705882355,3330.8700000000003
QuickShip,2024-03-01,22,0.5909090909090909,0.9545454545454546,0.6363636363636364,0.4090909090909091,4.818181818181818,17915.260000000002
QuickShip,2024-03-02,18,0.5,0.8888888888888888,0.6111111111111112,0.4444444444444444,5.5,9422.32
QuickShip,2024-03-03,15,0.6,0.8666666666666667,0.6666666666666666,0.4666666666666667,5.0,5293.7
QuickShip,2024-03-04,21,0.5714285714285714,0.9047619047619048,0.6666666666666666,0.38095238095238093,4.761904761904762,8639.9
QuickShip,2024-03-05,9,0.6666666666666666,0.8888888888888888,0.7777777777777778,0.5555555555555556,5.333333333333333,866.34
QuickShip,2024-03-06,18,0.7222222222222222,0.8333333333333334,0.8888888888888888,0.5,5.222222222222222,4330.620000000001
QuickShip,2024-03-07,23,0.43478260869565216,0.9130434782608695,0.4782608695652174,0.43478260869565216,5.217391304347826,19387.03
QuickShip,2024-03-08,23,0.8260869565217391,0.8695652173913043,0.8695652173913043,0.4782608695652174,4.478260869565218,7224.69
QuickShip,2024-03-09,14,0.6428571428571429,1.0,0.6428571428571429,0.5,4.571428571428571,6782.110000000001
QuickShip,2024-03-10,10,0.7,0.8,0.9,0.6,4.5,956.93
QuickShip,2024-03-11,13,0.6923076923076923,0.8461538461538461,0.7692307692307693,0.46153846153846156,4.923076923076923,2321.85
QuickShip,2024-03-12,21,0.6190476190476191,0.9047619047619048,0.6666666666666666,0.3333333333333333,4.904761904761905,11910.74
QuickShip,2024-03-13,20,0.55,0.85,0.7,0.45,5.2,8762.98
QuickShip,2024-03-14,28,0.4642857142857143,0.8214285714285714,0.5714285714285714,0.39285714285714285,4.892857142857143,22879.07
QuickShip,2024-03-15,18,0.4444444444444444,0.8888888888888888,0.5,0.3333333333333333,4.666666666666667,16978.26
QuickShip,2024-03-16,15,0.8666666666666667,1.0,0.8666666666666667,0.6,4.333333333333333,4959.08
QuickShip,2024-03-17,18,0.4444444444444444,0.8333333333333334,0.6111111111111112,0.2222222222222222,4.611111111111111,8282.97
QuickShip,2024-03-18,13,0.7692307692307693,1.0,0.7692307692307693,0.5384615384615384,4.6923076923076925,6074.41
QuickShip,2024-03-19,12,0.8333333333333334,1.0,0.8333333333333334,0.5,4.75,2286.0099999999998
QuickShip,2024-03-20,17,0.7647058823529411,0.8235294117647058,0.9411764705882353,0.5882352941176471,4.352941176470588,1535.77
QuickShip,2024-03-21,19,0.42105263157894735,0.6842105263157895,0.6842105263157895,0.3157894736842105,5.684210526315789,10649.310000000001
QuickShip,2024-03-22,20,0.65,0.9,0.75,0.55,5.3,9655.81
QuickShip,2024-03-23,11,0.6363636363636364,0.7272727272727273,0.9090909090909091,0.6363636363636364,6.363636363636363,1927.35
QuickShip,2024-03-24,20,0.75,0.9,0.85,0.5,5.0,8629.9
QuickShip,2024-03-25,12,0.4166666666666667,0.75,0.5833333333333334,0.3333333333333333,5.833333333333333,8270.73
QuickShip,2024-03-26,16,0.75,0.875,0.8125,0.4375,4.6875,6869.25
QuickShip,2024-03-27,12,0.75,0.8333333333333334,0.8333333333333334,0.5,5.333333333333333,4456.27
QuickShip,2024-03-28,16,0.5,0.8125,0.625,0.4375,5.1875,12409.95
QuickShip,2024-03-29,16,0.625,0.875,0.6875,0.5625,4.4375,6849.68
QuickShip,2024-03-30,17,0.6470588235294118,0.8235294117647058,0.8235294117647058,0.5294117647058824,5.0,5246.120000000001
QuickShip,2024-03-31,15,0.6,0.6666666666666666,0.7333333333333333,0.4,5.2,9330.96
QuickShip,2024-04-01,18,0.7222222222222222,0.8888888888888888,0.8333333333333334,0.6666666666666666,5.611111111111111,10737.25
QuickShip,2024-04-02,18,0.5555555555555556,0.8333333333333334,0.6666666666666666,0.3333333333333333,4.777777777777778,5251.66
QuickShip,2024-04-03,16,0.5,0.8125,0.625,0.375,4.9375,6837.55
QuickShip,2024-04-04,21,0.6666666666666666,0.9523809523809523,0.7142857142857143,0.5714285714285714,4.380952380952381,8663.310000000001
QuickShip,2024-04-05,18,0.6111111111111112,0.8888888888888888,0.6666666666666666,0.3333333333333333,4.777777777777778,7668.929999999999
QuickShip,2024-04-06,12,0.6666666666666666,1.0,0.6666666666666666,0.4166666666666667,4.75,5631.84
QuickShip,2024-04-07,17,0.5294117647058824,1.0,0.5294117647058824,0.4117647058823529,4.9411764705882355,10686.16
QuickShip,2024-04-08,14,0.5714285714285714,0.9285714285714286,0.6428571428571429,0.5,4.071428571428571,5866.360000000001
QuickShip,2024-04-09,22,0.5909090909090909,0.7727272727272727,0.6818181818181818,0.45454545454545453,5.136363636363637,15786.16
QuickShip,2024-04-10,15,0.4,0.6,0.6,0.3333333333333333,5.133333333333334,12209.44
QuickShip,2024-04-11,15,0.6,0.9333333333333333,0.6,0.5333333333333333,4.266666666666667,14182.96
QuickShip,2024-04-12,20,0.6,0.85,0.75,0.3,4.7,9938.08
QuickShip,2024-04-13,26,0.5384615384615384,0.8461538461538461,0.6153846153846154,0.4230769230769231,4.8076923076923075,18247.38
QuickShip,2024-04-14,16,0.5,0.8125,0.6875,0.375,5.5625,6718.17
QuickShip,2024-04-15,12,0.4166666666666667,0.9166666666666666,0.5,0.25,4.583333333333333,9653.14
QuickShip,2024-04-16,13,0.7692307692307693,0.8461538461538461,0.9230769230769231,0.46153846153846156,4.923076923076923,3271.16
QuickShip,2024-04-17,14,0.7142857142857143,0.9285714285714286,0.7857142857142857,0.5,4.785714285714286,3611.13
QuickShip,2024-04-18,14,0.5,0.8571428571428571,0.5714285714285714,0.42857142857142855,4.857142857142857,8087.780000000001
QuickShip,2024-04-19,20,0.75,0.8,0.8,0.55,4.9,4690.8
QuickShip,2024-04-20,17,0.7647058823529411,1.0,0.7647058823529411,0.5294117647058824,4.352941176470588,8421.95
QuickShip,2024-04-21,20,0.5,0.85,0.65,0.3,4.85,10248.99
QuickShip,2024-04-22,15,0.5333333333333333,0.8666666666666667,0.6,0.26666666666666666,5.4,8163.0599999999995
QuickShip,2024-04-23,16,0.75,0.9375,0.75,0.375,4.25,5514.719999999999
QuickShip,2024-04-24,17,0.7058823529411765,0.8823529411764706,0.8235294117647058,0.5882352941176471,4.9411764705882355,6856.01
QuickShip,2024-04-25,12,0.5,0.8333333333333334,0.6666666666666666,0.4166666666666667,5.5,7224.43
QuickShip,2024-04-26,16,0.625,0.875,0.6875,0.5,5.375,10211.86
QuickShip,2024-04-27,30,0.5333333333333333,0.8333333333333334,0.6666666666666666,0.4,5.5,16345.979999999998
QuickShip,2024-04-28,24,0.6666666666666666,0.9166666666666666,0.7083333333333334,0.4583333333333333,4.75,8311.25
QuickShip,2024-04-29,23,0.5652173913043478,0.8260869565217391,0.6521739130434783,0.43478260869565216,4.695652173913044,12891.13
